{
    "deployment" : {
        "SECRET_KEY" : "",
        "AWS_ACCESS_KEY_ID" : "",
        "AWS_SECRET_ACCESS_KEY" : "",
        "AWS_REGION" : "ap-northeast-2",
        "AWS_STORAGE_BUCKET_NAME" : "",
        "AWS_S3_CUSTOM_DOMAIN" : "'%s.s3.%s.amazonaws.com' % (AWS_STORAGE_BUCKET_NAME,AWS_REGION)",
        "AWS_S3_OBJECT_PARAMETERS" : "{\n    'CacheControl': 'max-age=86400',\n}",
        "AWS_DEFAULT_ACL" : "public-read",
        "AWS_LOCATION" : "static",
        "DATABASES" : {
            "default": {
                "ENGINE": "django.db.backends.mysql",
                "NAME": "",
                "USER": "",
                "PASSWORD": "",
                "HOST": "",
                "PORT": ""
            }
        }
    }

}
